{
  "version": 1,
  "description": "ChronoScaleStudio/PyDAW scale database (12-TET). Edit/customize freely.",
  "note_names": [
    "C",
    "C#",
    "D",
    "Eb",
    "E",
    "F",
    "F#",
    "G",
    "Ab",
    "A",
    "Bb",
    "B"
  ],
  "categories": [
    {
      "id": "basic",
      "name": "Basic (12-TET)",
      "scales": [
        {
          "id": "chromatic",
          "name": "Chromatic",
          "intervals": [
            0,
            1,
            2,
            3,
            4,
            5,
            6,
            7,
            8,
            9,
            10,
            11
          ]
        },
        {
          "id": "major",
          "name": "Major (Ionian)",
          "intervals": [
            0,
            2,
            4,
            5,
            7,
            9,
            11
          ]
        },
        {
          "id": "natural_minor",
          "name": "Natural Minor (Aeolian)",
          "intervals": [
            0,
            2,
            3,
            5,
            7,
            8,
            10
          ]
        },
        {
          "id": "harmonic_minor",
          "name": "Harmonic Minor",
          "intervals": [
            0,
            2,
            3,
            5,
            7,
            8,
            11
          ]
        },
        {
          "id": "melodic_minor",
          "name": "Melodic Minor (Asc)",
          "intervals": [
            0,
            2,
            3,
            5,
            7,
            9,
            11
          ]
        },
        {
          "id": "major_pentatonic",
          "name": "Major Pentatonic",
          "intervals": [
            0,
            2,
            4,
            7,
            9
          ]
        },
        {
          "id": "minor_pentatonic",
          "name": "Minor Pentatonic",
          "intervals": [
            0,
            3,
            5,
            7,
            10
          ]
        },
        {
          "id": "whole_tone",
          "name": "Whole Tone",
          "intervals": [
            0,
            2,
            4,
            6,
            8,
            10
          ]
        },
        {
          "id": "diminished_hw",
          "name": "Diminished (Half-Whole)",
          "intervals": [
            0,
            1,
            3,
            4,
            6,
            7,
            9,
            10
          ]
        },
        {
          "id": "diminished_wh",
          "name": "Diminished (Whole-Half)",
          "intervals": [
            0,
            2,
            3,
            5,
            6,
            8,
            9,
            11
          ]
        }
      ]
    },
    {
      "id": "church_modes",
      "name": "Kirchentonarten",
      "scales": [
        {
          "id": "ionian",
          "name": "Ionian",
          "intervals": [
            0,
            2,
            4,
            5,
            7,
            9,
            11
          ]
        },
        {
          "id": "dorian",
          "name": "Dorian",
          "intervals": [
            0,
            2,
            3,
            5,
            7,
            9,
            10
          ]
        },
        {
          "id": "phrygian",
          "name": "Phrygian",
          "intervals": [
            0,
            1,
            3,
            5,
            7,
            8,
            10
          ]
        },
        {
          "id": "lydian",
          "name": "Lydian",
          "intervals": [
            0,
            2,
            4,
            6,
            7,
            9,
            11
          ]
        },
        {
          "id": "mixolydian",
          "name": "Mixolydian",
          "intervals": [
            0,
            2,
            4,
            5,
            7,
            9,
            10
          ]
        },
        {
          "id": "aeolian",
          "name": "Aeolian",
          "intervals": [
            0,
            2,
            3,
            5,
            7,
            8,
            10
          ]
        },
        {
          "id": "locrian",
          "name": "Locrian",
          "intervals": [
            0,
            1,
            3,
            5,
            6,
            8,
            10
          ]
        }
      ]
    },
    {
      "id": "blues_jazz",
      "name": "Blues & Jazz",
      "scales": [
        {
          "id": "blues_minor",
          "name": "Blues Minor",
          "intervals": [
            0,
            3,
            5,
            6,
            7,
            10
          ]
        },
        {
          "id": "blues_major",
          "name": "Blues Major",
          "intervals": [
            0,
            2,
            3,
            4,
            7,
            9
          ]
        },
        {
          "id": "bebop_major",
          "name": "Bebop Major",
          "intervals": [
            0,
            2,
            4,
            5,
            7,
            8,
            9,
            11
          ]
        },
        {
          "id": "bebop_dominant",
          "name": "Bebop Dominant",
          "intervals": [
            0,
            2,
            4,
            5,
            7,
            9,
            10,
            11
          ]
        },
        {
          "id": "altered",
          "name": "Altered (Super Locrian)",
          "intervals": [
            0,
            1,
            3,
            4,
            6,
            8,
            10
          ]
        },
        {
          "id": "lydian_dominant",
          "name": "Lydian Dominant",
          "intervals": [
            0,
            2,
            4,
            6,
            7,
            9,
            10
          ]
        },
        {
          "id": "mixolydian_b6",
          "name": "Mixolydian b6",
          "intervals": [
            0,
            2,
            4,
            5,
            7,
            8,
            10
          ]
        },
        {
          "id": "minor_major",
          "name": "Minor-Major",
          "intervals": [
            0,
            2,
            3,
            5,
            7,
            9,
            11
          ]
        },
        {
          "id": "pentatonic_neutral",
          "name": "Neutral Pentatonic",
          "intervals": [
            0,
            2,
            5,
            7,
            10
          ]
        },
        {
          "id": "major_triad",
          "name": "Major Triad",
          "intervals": [
            0,
            4,
            7
          ]
        },
        {
          "id": "minor_triad",
          "name": "Minor Triad",
          "intervals": [
            0,
            3,
            7
          ]
        }
      ]
    },
    {
      "id": "japanese",
      "name": "Japanisch",
      "scales": [
        {
          "id": "hirajoshi",
          "name": "Hirajoshi",
          "intervals": [
            0,
            2,
            3,
            7,
            8
          ]
        },
        {
          "id": "kumoi",
          "name": "Kumoi",
          "intervals": [
            0,
            2,
            3,
            7,
            9
          ]
        },
        {
          "id": "iwato",
          "name": "Iwato",
          "intervals": [
            0,
            1,
            5,
            6,
            10
          ]
        },
        {
          "id": "in_sen",
          "name": "In Sen",
          "intervals": [
            0,
            1,
            5,
            7,
            10
          ]
        },
        {
          "id": "yo",
          "name": "Yo",
          "intervals": [
            0,
            2,
            5,
            7,
            9
          ]
        },
        {
          "id": "ryukyu",
          "name": "Ryukyu",
          "intervals": [
            0,
            4,
            5,
            7,
            11
          ]
        }
      ]
    },
    {
      "id": "exotic",
      "name": "Exotisch",
      "scales": [
        {
          "id": "enigmatic",
          "name": "Enigmatic",
          "intervals": [
            0,
            1,
            4,
            6,
            8,
            10,
            11
          ]
        },
        {
          "id": "hungarian_minor",
          "name": "Hungarian Minor",
          "intervals": [
            0,
            2,
            3,
            6,
            7,
            8,
            11
          ]
        },
        {
          "id": "hungarian_major",
          "name": "Hungarian Major",
          "intervals": [
            0,
            3,
            4,
            6,
            7,
            9,
            10
          ]
        },
        {
          "id": "double_harmonic_major",
          "name": "Double Harmonic Major",
          "intervals": [
            0,
            1,
            4,
            5,
            7,
            8,
            11
          ]
        },
        {
          "id": "neapolitan_minor",
          "name": "Neapolitan Minor",
          "intervals": [
            0,
            1,
            3,
            5,
            7,
            8,
            11
          ]
        },
        {
          "id": "neapolitan_major",
          "name": "Neapolitan Major",
          "intervals": [
            0,
            1,
            3,
            5,
            7,
            9,
            11
          ]
        },
        {
          "id": "persian",
          "name": "Persian",
          "intervals": [
            0,
            1,
            4,
            5,
            6,
            8,
            11
          ]
        },
        {
          "id": "byzantine",
          "name": "Byzantine",
          "intervals": [
            0,
            1,
            4,
            5,
            7,
            8,
            11
          ]
        },
        {
          "id": "romanian_minor",
          "name": "Romanian Minor",
          "intervals": [
            0,
            2,
            3,
            6,
            7,
            9,
            10
          ]
        },
        {
          "id": "spanish_gypsy",
          "name": "Spanish Gypsy (Phrygian Dominant)",
          "intervals": [
            0,
            1,
            4,
            5,
            7,
            8,
            10
          ]
        },
        {
          "id": "prometheus",
          "name": "Prometheus",
          "intervals": [
            0,
            2,
            4,
            6,
            9,
            10
          ]
        },
        {
          "id": "overtone",
          "name": "Overtone",
          "intervals": [
            0,
            2,
            4,
            6,
            7,
            9,
            10
          ]
        },
        {
          "id": "dorian_b2",
          "name": "Dorian b2",
          "intervals": [
            0,
            1,
            3,
            5,
            7,
            9,
            10
          ]
        },
        {
          "id": "lydian_aug",
          "name": "Lydian Augmented",
          "intervals": [
            0,
            2,
            4,
            6,
            8,
            9,
            11
          ]
        }
      ]
    },
    {
      "id": "arabic",
      "name": "Arabisch (12-TET Näherung)",
      "scales": [
        {
          "id": "hijaz",
          "name": "Hijaz",
          "intervals": [
            0,
            1,
            4,
            5,
            7,
            8,
            10
          ]
        },
        {
          "id": "hijaz_kar",
          "name": "Hijaz Kar",
          "intervals": [
            0,
            1,
            4,
            5,
            7,
            8,
            11
          ]
        },
        {
          "id": "bayati",
          "name": "Bayati",
          "intervals": [
            0,
            2,
            3,
            5,
            7,
            8,
            10
          ]
        },
        {
          "id": "rast",
          "name": "Rast (approx)",
          "intervals": [
            0,
            2,
            4,
            5,
            7,
            9,
            10
          ]
        },
        {
          "id": "saba",
          "name": "Saba (approx)",
          "intervals": [
            0,
            1,
            3,
            4,
            6,
            8,
            10
          ]
        },
        {
          "id": "nahawand",
          "name": "Nahawand (minor)",
          "intervals": [
            0,
            2,
            3,
            5,
            7,
            8,
            10
          ]
        }
      ]
    },
    {
      "id": "indian",
      "name": "Indisch (Raga – 12-TET Näherung)",
      "scales": [
        {
          "id": "bhairav",
          "name": "Bhairav (approx)",
          "intervals": [
            0,
            1,
            4,
            5,
            7,
            8,
            11
          ]
        },
        {
          "id": "todi",
          "name": "Todi (approx)",
          "intervals": [
            0,
            1,
            3,
            6,
            7,
            8,
            11
          ]
        },
        {
          "id": "kafi",
          "name": "Kafi (Dorian-like)",
          "intervals": [
            0,
            2,
            3,
            5,
            7,
            9,
            10
          ]
        },
        {
          "id": "kalyan",
          "name": "Kalyan (Lydian-like)",
          "intervals": [
            0,
            2,
            4,
            6,
            7,
            9,
            11
          ]
        },
        {
          "id": "asavari",
          "name": "Asavari (Phrygian-like)",
          "intervals": [
            0,
            1,
            3,
            5,
            7,
            8,
            10
          ]
        },
        {
          "id": "purvi",
          "name": "Purvi (approx)",
          "intervals": [
            0,
            1,
            4,
            6,
            7,
            8,
            11
          ]
        }
      ]
    },
    {
      "id": "custom",
      "name": "Custom",
      "scales": [
        {
          "id": "custom1",
          "name": "Custom Scale 1",
          "intervals": [
            0,
            2,
            3,
            7,
            10
          ]
        },
        {
          "id": "custom2",
          "name": "Custom Scale 2",
          "intervals": [
            0,
            4,
            5,
            7,
            11
          ]
        }
      ],
      "hint": "Edit scales.json to add your own scales. Use 0..11 semitone intervals from the root."
    }
  ]
}